-- phpMyAdmin SQL Dump
-- version 5.2.0
-- https://www.phpmyadmin.net/
--
-- Host: 127.0.0.1
-- Generation Time: Oct 03, 2022 at 02:28 PM
-- Server version: 10.4.24-MariaDB
-- PHP Version: 7.4.29

SET SQL_MODE = "NO_AUTO_VALUE_ON_ZERO";
START TRANSACTION;
SET time_zone = "+00:00";


/*!40101 SET @OLD_CHARACTER_SET_CLIENT=@@CHARACTER_SET_CLIENT */;
/*!40101 SET @OLD_CHARACTER_SET_RESULTS=@@CHARACTER_SET_RESULTS */;
/*!40101 SET @OLD_COLLATION_CONNECTION=@@COLLATION_CONNECTION */;
/*!40101 SET NAMES utf8mb4 */;

--
-- Database: `flight`
--

-- --------------------------------------------------------

--
-- Table structure for table `airline`
--

CREATE TABLE `airline` (
  `airline_id` int(11) NOT NULL,
  `airline_name` varchar(100) NOT NULL,
  `number` varchar(50) NOT NULL,
  `state` enum('0','1') NOT NULL,
  `time_stamp` timestamp(6) NOT NULL DEFAULT current_timestamp(6)
) ENGINE=InnoDB DEFAULT CHARSET=utf8mb4;

--
-- Dumping data for table `airline`
--

INSERT INTO `airline` (`airline_id`, `airline_name`, `number`, `state`, `time_stamp`) VALUES
(1, 'IndiGo', '6E299', '0', '2021-02-22 10:59:05.000000'),
(2, 'Air India', 'AI540', '0', '2021-02-22 10:59:05.000000'),
(3, 'IndiGo', '6E2766', '0', '2021-02-22 10:59:05.000000'),
(4, 'IndiGo', '6E623', '0', '2021-02-22 10:59:05.000000'),
(5, 'Qatar Airways', 'QR528', '0', '2021-02-22 10:59:05.000000'),
(6, 'Emirates', 'EK542', '0', '2021-02-22 10:59:05.000000'),
(7, 'Air Arabia', 'G9471', '0', '2021-02-22 10:59:05.000000'),
(8, 'Air India', 'AI274', '0', '2021-02-22 10:59:05.000000'),
(9, 'SpiceJet', 'SG7055', '0', '2021-02-22 10:59:05.000000'),
(10, 'SpiceJet', 'SG7805', '0', '2021-02-22 10:59:05.000000'),
(11, 'IndiGo', '6E9913', '0', '2021-02-22 10:59:05.000000'),
(12, 'SF Airlines', 'O37069', '0', '2021-02-22 10:59:05.000000'),
(13, 'AirAsia India', 'I5810', '0', '2021-02-22 10:59:05.000000'),
(14, 'IndiGo', '6E6217', '0', '2021-02-22 10:59:05.000000'),
(15, 'IndiGo', '6E6214', '0', '2021-02-22 10:59:05.000000'),
(16, 'SpiceJet', 'SG7791', '0', '2021-02-22 10:59:05.000000'),
(17, 'IndiGo', '6E188', '0', '2021-02-22 10:59:05.000000'),
(18, 'AirAsia India', 'I5802', '0', '2021-02-22 10:59:05.000000'),
(19, 'IndiGo', '6E327', '0', '2021-02-22 10:59:05.000000'),
(20, 'SpiceJet', 'SG3302', '0', '2021-02-22 10:59:05.000000'),
(21, 'IndiGo', '6E351', '0', '2021-02-22 10:59:05.000000'),
(22, 'Emirates', 'EK544', '0', '2021-02-22 10:59:05.000000'),
(23, 'IndiGo', '6E208', '0', '2021-02-22 10:59:05.000000'),
(24, 'SpiceJet', 'SG771', '0', '2021-02-22 10:59:05.000000'),
(25, 'SpiceJet', 'SG8128', '0', '2021-02-22 10:59:05.000000'),
(26, 'AirAsia India', 'I5510', '0', '2021-02-22 10:59:05.000000'),
(27, 'IndiGo', '6E6012', '0', '2021-02-22 10:59:05.000000'),
(28, 'GoAir', 'G81304', '0', '2021-02-22 10:59:05.000000'),
(29, 'IndiGo', '6E709', '0', '2021-02-22 10:59:05.000000'),
(30, 'TruJet', '2T532', '0', '2021-02-22 10:59:05.000000'),
(31, 'IndiGo', '6E7682', '0', '2021-02-22 10:59:05.000000'),
(32, 'IndiGo', '6E7144', '0', '2021-02-22 10:59:05.000000'),
(33, 'Air India', 'AI564', '0', '2021-02-22 10:59:05.000000'),
(34, 'IndiGo', '6E6138', '0', '2021-02-22 10:59:05.000000'),
(35, 'Vistara', 'UK825', '0', '2021-02-22 10:59:05.000000'),
(36, 'Qatar Airways', 'QR8303', '0', '2021-02-22 10:59:05.000000'),
(37, 'GoAir', 'G8904', '0', '2021-02-22 10:59:05.000000'),
(38, 'IndiGo', '6E552', '0', '2021-02-22 10:59:05.000000'),
(39, 'SpiceJet', 'SG7628', '0', '2021-02-22 10:59:05.000000'),
(40, 'IndiGo', '6E2031', '0', '2021-02-22 10:59:05.000000'),
(41, 'IndiGo', '6E948', '0', '2021-02-22 10:59:05.000000'),
(42, 'IndiGo', '6E857', '0', '2021-02-22 10:59:05.000000'),
(43, 'Vistara\nUnited Airlines', 'UK833\nUA7763', '0', '2021-02-22 10:59:05.000000'),
(44, 'IndiGo', '6E6336', '0', '2021-02-22 10:59:05.000000'),
(45, 'IndiGo', '6E911', '0', '2021-02-22 10:59:05.000000'),
(46, 'IndiGo', '6E425', '0', '2021-02-22 10:59:05.000000'),
(47, 'Air India\nEthiopian Airlines\nAir Canada', 'AI671\nET1750\nAC6450', '0', '2021-02-22 10:59:05.000000'),
(48, 'IndiGo', '6E6194', '0', '2021-02-22 10:59:05.000000'),
(49, 'SpiceJet', 'SG3028', '0', '2021-02-22 10:59:05.000000'),
(50, 'AirAsia India', 'I5803', '0', '2021-02-22 10:59:05.000000'),
(51, 'IndiGo', '6E198', '0', '2021-02-22 10:59:05.000000'),
(52, 'IndiGo', '6E546', '0', '2021-02-22 10:59:05.000000'),
(53, 'IndiGo', '6E2406', '0', '2021-02-22 10:59:05.000000'),
(54, 'IndiGo', '6E7184', '0', '2021-02-22 10:59:05.000000'),
(55, 'IndiGo', '6E173', '0', '2021-02-22 10:59:05.000000'),
(56, 'SpiceJet', 'SG792', '0', '2021-02-22 10:59:05.000000'),
(57, 'AirAsia India', 'I5811', '0', '2021-02-22 10:59:05.000000'),
(58, 'US-Bangla Airlines', 'BS205', '0', '2021-02-22 10:59:05.000000'),
(59, 'Air India\nTurkish Airlines\nAir Mauritius', 'AI429\nTK8476\nMK8130', '0', '2021-02-22 10:59:05.000000'),
(60, 'IndiGo', '6E759', '0', '2021-02-22 10:59:05.000000'),
(61, 'IndiGo', '6E6344', '0', '2021-02-22 10:59:05.000000'),
(62, 'IndiGo', '6E624', '0', '2021-02-22 10:59:05.000000'),
(63, 'Hong Kong Air Cargo Carrier', 'RH9375', '0', '2021-02-22 10:59:05.000000'),
(64, 'IndiGo', '6E6269', '0', '2021-02-22 10:59:05.000000'),
(65, 'GoAir', 'G81305', '0', '2021-02-22 10:59:05.000000'),
(66, 'IndiGo', '6E217', '0', '2021-02-22 10:59:05.000000'),
(67, 'SpiceJet', 'SG8129', '0', '2021-02-22 10:59:05.000000'),
(68, 'IndiGo', '6E66', '0', '2021-02-22 10:59:05.000000'),
(69, 'TruJet', '2T536', '0', '2021-02-22 10:59:05.000000'),
(70, 'IndiGo', '6E6236', '0', '2021-02-22 10:59:05.000000'),
(71, 'Air India', 'AI672', '0', '2021-02-22 10:59:05.000000'),
(72, 'Air India', 'AI550', '0', '2021-02-22 10:59:05.000000'),
(73, 'IndiGo', '6E6213', '0', '2021-02-22 10:59:05.000000'),
(74, 'IndiGo', '6E6014', '0', '2021-02-22 10:59:05.000000'),
(75, 'IndiGo', '6E7229', '0', '2021-02-22 10:59:05.000000'),
(76, 'IndiGo', '6E7352', '0', '2021-02-22 10:59:05.000000'),
(77, 'IndiGo', '6E246', '0', '2021-02-22 10:59:05.000000'),
(78, 'IndiGo', '6E6346', '0', '2021-02-22 10:59:05.000000'),
(79, 'Vistara', 'UK837', '0', '2021-02-22 10:59:05.000000'),
(80, 'IndiGo', '6E497', '0', '2021-02-22 10:59:05.000000'),
(81, 'GoAir', 'G8924', '0', '2021-02-22 10:59:05.000000'),
(82, 'IndiGo', '6E514', '0', '2021-02-22 10:59:05.000000'),
(83, 'IndiGo', '6E523', '0', '2021-02-22 10:59:05.000000'),
(84, 'AirAsia India', 'I5556', '0', '2021-02-22 10:59:05.000000'),
(85, 'SpiceJet', 'SG3031', '0', '2021-02-22 10:59:05.000000'),
(86, 'Air India', 'AI539', '0', '2021-02-22 10:59:05.000000'),
(87, 'IndiGo', '6E7186', '0', '2021-02-22 10:59:05.000000'),
(88, 'IndiGo', '6E412', '0', '2021-02-22 10:59:05.000000'),
(89, 'IndiGo', '6E183', '0', '2021-02-22 10:59:05.000000'),
(90, 'Vistara', 'UK823', '0', '2021-02-22 10:59:05.000000'),
(91, 'SpiceJet', 'SG774', '0', '2021-02-22 10:59:05.000000'),
(92, 'IndiGo', '6E6195', '0', '2021-02-22 10:59:05.000000'),
(93, 'IndiGo', '6E716', '0', '2021-02-22 10:59:05.000000'),
(94, 'IndiGo', '6E7139', '0', '2021-02-22 10:59:05.000000'),
(95, 'IndiGo', '6E6189', '0', '2021-02-22 10:59:05.000000'),
(96, 'IndiGo', '6E2028', '0', '2021-02-22 10:59:05.000000'),
(97, 'IndiGo', '6E6246', '0', '2021-02-22 10:59:05.000000'),
(98, 'Qatar Airways', 'QR8362', '0', '2021-02-22 10:59:05.000000'),
(99, 'Air India', 'AI765', '0', '2021-02-22 10:59:05.000000'),
(100, 'IndiGo', '6E6239', '0', '2021-02-22 10:59:05.000000'),
(101, 'AirAsia India', 'I5934', '0', '2021-02-22 10:59:05.000000'),
(102, 'Vistara', 'UK831', '0', '2021-02-22 10:59:05.000000'),
(103, 'IndiGo', '6E6001', '0', '2021-02-22 10:59:05.000000'),
(104, 'Air India', 'AI1126', '0', '2021-02-22 10:59:05.000000'),
(105, 'Air India Express', 'IX1687', '0', '2021-02-22 10:59:05.000000'),
(106, 'IndiGo', '6E6238', '0', '2021-02-22 10:59:05.000000'),
(107, 'flydubai', 'FZ8515', '0', '2021-02-22 10:59:05.000000'),
(108, 'IndiGo', '6E119', '0', '2021-02-22 10:59:05.000000'),
(109, 'IndiGo', '6E6385', '0', '2021-02-22 10:59:05.000000'),
(110, 'IndiGo', '6E7688', '0', '2021-02-22 10:59:05.000000'),
(111, 'Air India', 'AI553', '0', '2021-02-22 10:59:05.000000'),
(112, 'IndiGo', '6E7135', '0', '2021-02-22 10:59:05.000000'),
(113, 'IndiGo', '6E209', '0', '2021-02-22 10:59:05.000000'),
(114, 'IndiGo', '6E835', '0', '2021-02-22 10:59:05.000000'),
(115, 'SpiceJet', 'SG7058', '0', '2021-02-22 10:59:05.000000'),
(116, 'SpiceJet', 'SG794', '0', '2021-02-22 10:59:05.000000'),
(117, 'Air India Express', 'IX1644', '0', '2021-02-22 10:59:05.000000'),
(118, 'IndiGo', '6E462', '0', '2021-02-22 10:59:05.000000'),
(119, 'IndiGo', '6E2259', '0', '2021-02-22 10:59:05.000000'),
(120, 'SpiceJet', 'SG446', '0', '2021-02-22 10:59:05.000000'),
(121, 'SpiceJet', 'SG277', '0', '2021-02-22 10:59:05.000000'),
(122, 'IndiGo', '6E518', '0', '2021-02-22 10:59:05.000000'),
(123, 'Vistara', 'UK835', '0', '2021-02-22 10:59:05.000000'),
(124, 'IndiGo', '6E223', '0', '2021-02-22 10:59:05.000000'),
(125, 'IndiGo', '6E549', '0', '2021-02-22 10:59:05.000000'),
(126, 'SpiceJet', 'SG798', '0', '2021-02-22 10:59:05.000000'),
(127, 'Air India', 'AI685', '0', '2021-02-22 10:59:05.000000'),
(128, 'Vistara', 'UK827', '0', '2021-02-22 10:59:05.000000'),
(129, 'IndiGo', '6E757', '0', '2021-02-22 10:59:05.000000'),
(130, 'IndiGo', '6E542', '0', '2021-02-22 10:59:05.000000'),
(131, 'SpiceJet', 'SG3026', '0', '2021-02-22 10:59:05.000000'),
(132, 'IndiGo', '6E534', '0', '2021-02-22 10:59:05.000000'),
(133, 'TruJet', '2T538', '0', '2021-02-22 10:59:05.000000'),
(134, 'GoAir', 'G8302', '0', '2021-02-22 10:59:05.000000'),
(135, 'IndiGo', '6E924', '0', '2021-02-22 10:59:05.000000'),
(136, 'IndiGo', '6E983', '0', '2021-02-22 10:59:05.000000'),
(137, 'IndiGo', '6E5403', '0', '2021-02-22 10:59:05.000000'),
(138, 'AirAsia India', 'I5924', '0', '2021-02-22 10:59:05.000000'),
(139, 'IndiGo', '6E536', '0', '2021-02-22 10:59:05.000000'),
(140, 'IndiGo', '6E517', '0', '2021-02-22 10:59:05.000000'),
(141, 'Air India', 'AI546', '0', '2021-02-22 10:59:05.000000'),
(142, 'SpiceJet', 'SG323', '0', '2021-02-22 10:59:05.000000'),
(143, 'IndiGo', '6E7987', '0', '2021-02-22 10:59:05.000000'),
(144, 'flydubai', 'FZ8517', '0', '2021-02-22 10:59:05.000000'),
(145, 'IndiGo', '6E605', '0', '2021-02-22 10:59:05.000000'),
(146, 'IndiGo', '6E6109', '0', '2021-02-22 10:59:05.000000'),
(147, 'IndiGo', '6E7151', '0', '2021-02-22 10:59:05.000000'),
(148, 'IndiGo', '6E7943', '0', '2021-02-22 10:59:05.000000'),
(149, 'IndiGo', '6E2519', '0', '2021-02-22 10:59:05.000000'),
(150, 'IndiGo', '6E543', '0', '2021-02-22 10:59:05.000000'),
(151, 'IndiGo', '6E6291', '0', '2021-02-22 10:59:05.000000'),
(152, 'AirAsia India', 'I51563', '0', '2021-02-22 10:59:05.000000'),
(153, 'AirAsia India', 'I51587', '0', '2021-02-22 11:00:25.000000'),
(154, 'Kuwait Airways', 'KU1344', '0', '2021-02-22 11:00:25.000000'),
(155, 'SF Airlines', 'O37358', '0', '2021-02-22 11:00:25.000000'),
(156, 'SF Airlines', 'O37070', '0', '2021-02-22 11:00:25.000000'),
(157, 'Qatar Airways', 'QR529', '0', '2021-02-22 11:00:25.000000'),
(158, 'Emirates', 'EK543', '0', '2021-02-22 11:00:25.000000'),
(159, 'Air Arabia', 'G9472', '0', '2021-02-22 11:00:25.000000'),
(160, 'IndiGo', '6E65', '0', '2021-02-22 11:00:25.000000'),
(161, 'IndiGo', '6E984', '0', '2021-02-22 11:00:25.000000'),
(162, 'IndiGo', '6E708', '0', '2021-02-22 11:00:25.000000'),
(163, 'IndiGo', '6E6335', '0', '2021-02-22 11:00:25.000000'),
(164, 'SpiceJet', 'SG503', '0', '2021-02-22 11:00:25.000000'),
(165, 'IndiGo', '6E174', '0', '2021-02-22 11:00:25.000000'),
(166, 'IndiGo', '6E2066', '0', '2021-02-22 11:00:25.000000'),
(167, 'IndiGo', '6E6897', '0', '2021-02-22 11:00:25.000000'),
(168, 'SpiceJet', 'SG7057', '0', '2021-02-22 11:00:25.000000'),
(169, 'GoAir', 'G8911', '0', '2021-02-22 11:00:25.000000'),
(170, 'IndiGo', '6E424', '0', '2021-02-22 11:00:25.000000'),
(171, 'Air India\nAir Canada', 'AI440\nAC6431', '0', '2021-02-22 11:00:25.000000'),
(172, 'IndiGo', '6E294', '0', '2021-02-22 11:00:25.000000'),
(173, 'SpiceJet', 'SG322', '0', '2021-02-22 11:00:25.000000'),
(174, 'IndiGo', '6E7986', '0', '2021-02-22 11:00:25.000000'),
(175, 'IndiGo', '6E7681', '0', '2021-02-22 11:00:25.000000'),
(176, 'GoAir', 'G8903', '0', '2021-02-22 11:00:25.000000'),
(177, 'IndiGo', '6E947', '0', '2021-02-22 11:00:25.000000'),
(178, 'IndiGo', '6E384', '0', '2021-02-22 11:00:25.000000'),
(179, 'Vistara', 'UK828', '0', '2021-02-22 11:00:25.000000'),
(180, 'SpiceJet', 'SG3025', '0', '2021-02-22 11:00:25.000000'),
(181, 'SpiceJet', 'SG7056', '0', '2021-02-22 11:00:25.000000'),
(182, 'SpiceJet', 'SG791', '0', '2021-02-22 11:00:25.000000'),
(183, 'IndiGo', '6E7143', '0', '2021-02-22 11:00:25.000000'),
(184, 'Air India', 'AI563', '0', '2021-02-22 11:00:25.000000'),
(185, 'IndiGo', '6E551', '0', '2021-02-22 11:00:25.000000'),
(186, 'IndiGo', '6E6127', '0', '2021-02-22 11:00:25.000000'),
(187, 'TruJet', '2T531', '0', '2021-02-22 11:00:25.000000'),
(188, 'SpiceJet', 'SG445', '0', '2021-02-22 11:00:25.000000'),
(189, 'IndiGo', '6E797', '0', '2021-02-22 11:00:25.000000'),
(190, 'IndiGo', '6E493', '0', '2021-02-22 11:00:25.000000'),
(191, 'IndiGo', '6E6216', '0', '2021-02-22 11:00:25.000000'),
(192, 'Vistara', 'UK832', '0', '2021-02-22 11:00:25.000000'),
(193, 'IndiGo', '6E6235', '0', '2021-02-22 11:00:25.000000'),
(194, 'SpiceJet', 'SG3027', '0', '2021-02-22 11:00:25.000000'),
(195, 'IndiGo', '6E7183', '0', '2021-02-22 11:00:25.000000'),
(196, 'IndiGo', '6E112', '0', '2021-02-22 11:00:25.000000'),
(197, 'IndiGo', '6E6215', '0', '2021-02-22 11:00:25.000000'),
(198, 'IndiGo', '6E6285', '0', '2021-02-22 11:00:25.000000'),
(199, 'SpiceJet', 'SG7792', '0', '2021-02-22 11:00:25.000000'),
(200, 'Air India Express', 'IX1643', '0', '2021-02-22 11:00:25.000000'),
(201, 'IndiGo', '6E6315', '0', '2021-02-22 11:00:25.000000'),
(202, 'SpiceJet', 'SG797', '0', '2021-02-22 11:00:25.000000'),
(203, 'IndiGo', '6E6013', '0', '2021-02-22 11:00:25.000000'),
(204, 'IndiGo', '6E2767', '0', '2021-02-22 11:00:25.000000'),
(205, 'AirAsia India', 'I5517', '0', '2021-02-22 11:00:25.000000'),
(206, 'Air India', 'AI549', '0', '2021-02-22 11:00:25.000000'),
(207, 'Air India Express', 'IX1688', '0', '2021-02-22 11:00:25.000000'),
(208, 'IndiGo', '6E172', '0', '2021-02-22 11:00:25.000000'),
(209, 'Emirates', 'EK545', '0', '2021-02-22 11:00:25.000000'),
(210, 'IndiGo', '6E6558', '0', '2021-02-22 11:00:25.000000'),
(211, 'IndiGo', '6E812', '0', '2021-02-22 11:00:25.000000'),
(212, 'TruJet', '2T535', '0', '2021-02-22 11:00:25.000000'),
(213, 'IndiGo', '6E115', '0', '2021-02-22 11:00:25.000000'),
(214, 'IndiGo', '6E513', '0', '2021-02-22 11:00:25.000000'),
(215, 'IndiGo', '6E416', '0', '2021-02-22 11:00:25.000000'),
(216, 'IndiGo', '6E6212', '0', '2021-02-22 11:00:25.000000'),
(217, 'Vistara\nUnited Airlines', 'UK826\nUA7777', '0', '2021-02-22 11:00:25.000000'),
(218, 'IndiGo', '6E7228', '0', '2021-02-22 11:00:25.000000'),
(219, 'IndiGo', '6E858', '0', '2021-02-22 11:00:25.000000'),
(220, 'GoAir', 'G8923', '0', '2021-02-22 11:00:25.000000'),
(221, 'IndiGo', '6E7686', '0', '2021-02-22 11:00:25.000000'),
(222, 'Air India', 'AI766', '0', '2021-02-22 11:00:25.000000'),
(223, 'Qatar Airways', 'QR8304', '0', '2021-02-22 11:00:25.000000'),
(224, 'IndiGo', '6E2032', '0', '2021-02-22 11:00:25.000000'),
(225, 'Vistara', 'UK838', '0', '2021-02-22 11:00:25.000000'),
(226, 'SpiceJet', 'SG7629', '0', '2021-02-22 11:00:25.000000'),
(227, 'Air India\nAir Canada\nEthiopian Airlines', 'AI671\nAC6450\nET1750', '0', '2021-02-22 11:00:25.000000'),
(228, 'IndiGo', '6E6758', '0', '2021-02-22 11:00:25.000000'),
(229, 'IndiGo', '6E6233', '0', '2021-02-22 11:00:25.000000'),
(230, 'IndiGo', '6E522', '0', '2021-02-22 11:00:25.000000'),
(231, 'IndiGo', '6E7185', '0', '2021-02-22 11:00:25.000000'),
(232, 'IndiGo', '6E411', '0', '2021-02-22 11:00:25.000000'),
(233, 'IndiGo', '6E6815', '0', '2021-02-22 11:00:25.000000'),
(234, 'SpiceJet', 'SG3032', '0', '2021-02-22 11:00:25.000000'),
(235, 'IndiGo', '6E912', '0', '2021-02-22 11:00:25.000000'),
(236, 'US-Bangla Airlines', 'BS206', '0', '2021-02-22 11:00:25.000000'),
(237, 'SpiceJet', 'SG773', '0', '2021-02-22 11:00:25.000000'),
(238, 'Air India', 'AI429', '0', '2021-02-22 11:00:25.000000'),
(239, 'IndiGo', '6E7232', '0', '2021-02-22 11:00:25.000000'),
(240, 'IndiGo', '6E548', '0', '2021-02-22 11:00:25.000000'),
(241, 'IndiGo', '6E515', '0', '2021-02-22 11:00:25.000000'),
(242, 'IndiGo', '6E6188', '0', '2021-02-22 11:00:25.000000'),
(243, 'SpiceJet', 'SG793', '0', '2021-02-22 11:00:25.000000'),
(244, 'Hong Kong Air Cargo Carrier', 'RH9376', '0', '2021-02-22 11:00:25.000000'),
(245, 'TruJet', '2T537', '0', '2021-02-22 11:00:25.000000'),
(246, 'IndiGo', '6E6237', '0', '2021-02-22 11:00:25.000000'),
(247, 'IndiGo', '6E6835', '0', '2021-02-22 11:00:25.000000'),
(248, 'IndiGo', '6E7687', '0', '2021-02-22 11:00:25.000000'),
(249, 'IndiGo', '6E118', '0', '2021-02-22 11:00:25.000000'),
(250, 'IndiGo', '6E454', '0', '2021-02-22 11:00:25.000000'),
(251, 'IndiGo', '6E7208', '0', '2021-02-22 11:00:25.000000'),
(252, 'IndiGo', '6E5357', '0', '2021-02-22 11:00:25.000000'),
(253, 'AirAsia India', 'I5557', '0', '2021-02-22 11:00:25.000000'),
(254, 'IndiGo', '6E2752', '0', '2021-02-22 11:00:25.000000'),
(255, 'IndiGo', '6E603', '0', '2021-02-22 11:00:25.000000'),
(256, 'GoAir', 'G8303', '0', '2021-02-22 11:00:25.000000'),
(257, 'Vistara\nUnited Airlines', 'UK834\nUA7738', '0', '2021-02-22 11:00:25.000000'),
(258, 'SpiceJet', 'SG3309', '0', '2021-02-22 11:00:25.000000'),
(259, 'SpiceJet', 'SG7171', '0', '2021-02-22 11:00:25.000000'),
(260, 'IndiGo', '6E461', '0', '2021-02-22 11:00:25.000000'),
(261, 'Vistara', 'UK824', '0', '2021-02-22 11:00:25.000000'),
(262, 'IndiGo', '6E627', '0', '2021-02-22 11:00:25.000000'),
(263, 'SpiceJet', 'SG278', '0', '2021-02-22 11:00:25.000000'),
(264, 'IndiGo', '6E535', '0', '2021-02-22 11:00:25.000000'),
(265, 'IndiGo', '6E2029', '0', '2021-02-22 11:00:25.000000'),
(266, 'IndiGo', '6E516', '0', '2021-02-22 11:00:25.000000'),
(267, 'IndiGo', '6E7942', '0', '2021-02-22 11:00:25.000000'),
(268, 'Air India', 'AI905', '0', '2021-02-22 11:00:25.000000'),
(269, 'IndiGo', '6E923', '0', '2021-02-22 11:00:25.000000'),
(270, 'Air India', 'AI545', '0', '2021-02-22 11:00:25.000000'),
(271, 'Vistara', 'UK836', '0', '2021-02-22 11:00:25.000000'),
(272, 'Qatar Airways', 'QR8363', '0', '2021-02-22 11:00:25.000000'),
(273, 'IndiGo', '6E6108', '0', '2021-02-22 11:00:25.000000'),
(274, 'IndiGo', '6E891', '0', '2021-02-22 11:00:25.000000'),
(275, 'flydubai', 'FZ8516', '0', '2021-02-22 11:00:25.000000'),
(276, 'IndiGo', '6E7215', '0', '2021-02-22 11:00:25.000000'),
(277, 'IndiGo', '6E2261', '0', '2021-02-22 11:00:25.000000'),
(278, 'IndiGo', '6E6005', '0', '2021-02-22 11:00:25.000000'),
(279, 'SpiceJet', 'SG8139', '0', '2021-02-22 11:00:25.000000'),
(280, 'Air India', 'AI554', '0', '2021-02-22 11:00:25.000000'),
(281, 'IndiGo', '6E298', '0', '2021-02-22 11:00:25.000000'),
(282, 'SpiceJet', 'SG776', '0', '2021-02-22 11:00:25.000000'),
(283, 'IndiGo', '6E116', '0', '2021-02-22 11:00:25.000000'),
(284, 'Air India', 'AI686', '0', '2021-02-22 11:00:25.000000'),
(285, 'Blue Dart Aviation', 'BZ154', '0', '2021-02-22 11:00:25.000000'),
(286, 'Blue Dart Aviation', 'BZ102', '0', '2021-02-22 11:00:25.000000'),
(287, 'flydubai', 'FZ8518', '0', '2021-02-22 11:00:25.000000'),
(288, 'Air India Express', 'IX 1681', '0', '2021-02-22 11:01:13.000000'),
(289, 'IndiGo', '6E 7143', '0', '2021-02-22 11:01:13.000000'),
(290, 'Air India Express', 'IX 1625', '0', '2021-02-22 11:01:13.000000'),
(291, 'IndiGo', '6E 7318', '0', '2021-02-22 11:01:13.000000'),
(292, 'Air India Express', 'IX 1640', '0', '2021-02-22 11:01:13.000000'),
(293, 'IndiGo', '6E 2423', '0', '2021-02-22 11:01:13.000000'),
(294, 'IndiGo', '6E 7215', '0', '2021-02-22 11:01:13.000000'),
(295, 'Air India Express', 'IX 1031', '0', '2021-02-22 11:01:13.000000'),
(296, 'IndiGo', '6E 7144', '0', '2021-02-22 11:01:24.000000'),
(297, 'Air India Express', 'IX 1624', '0', '2021-02-22 11:01:24.000000'),
(298, 'Air India Express', 'IX 1639', '0', '2021-02-22 11:01:24.000000'),
(299, 'IndiGo', '6E 7319', '0', '2021-02-22 11:01:24.000000'),
(300, 'IndiGo', '6E 2289', '0', '2021-02-22 11:01:24.000000'),
(301, 'Air India Express', 'IX 1611', '0', '2021-02-22 11:01:24.000000'),
(302, 'Air India Express', 'IX 1682', '0', '2021-02-22 11:01:24.000000'),
(303, 'IndiGo', '6E 7151', '0', '2021-02-22 11:01:24.000000');

-- --------------------------------------------------------

--
-- Table structure for table `airport`
--

CREATE TABLE `airport` (
  `airport_id` int(11) NOT NULL,
  `airport_name` varchar(200) NOT NULL,
  `time_stamp` timestamp(6) NOT NULL DEFAULT current_timestamp(6) ON UPDATE current_timestamp(6),
  `state` enum('0','1') NOT NULL
) ENGINE=InnoDB DEFAULT CHARSET=utf8mb4;

--
-- Dumping data for table `airport`
--

INSERT INTO `airport` (`airport_id`, `airport_name`, `time_stamp`, `state`) VALUES
(1, 'chennai', '2021-02-22 10:59:05.000000', '0'),
(2, 'tirchy', '2021-02-22 11:01:13.000000', '0');

-- --------------------------------------------------------

--
-- Table structure for table `flight`
--

CREATE TABLE `flight` (
  `flight_id` int(11) NOT NULL,
  `flight` varchar(100) NOT NULL,
  `terminal` int(11) NOT NULL,
  `state` enum('0','1') NOT NULL,
  `time_stamp` timestamp(6) NOT NULL DEFAULT current_timestamp(6)
) ENGINE=InnoDB DEFAULT CHARSET=utf8mb4;

--
-- Dumping data for table `flight`
--

INSERT INTO `flight` (`flight_id`, `flight`, `terminal`, `state`, `time_stamp`) VALUES
(1, 'Hyderabad\n(HYD)', 1, '0', '2021-02-22 10:59:05.000000'),
(2, 'Delhi\n(DEL)', 1, '0', '2021-02-22 10:59:05.000000'),
(3, 'Guwahati\n(GAU)', 1, '0', '2021-02-22 10:59:05.000000'),
(4, 'Doha\n(DOH)', 3, '0', '2021-02-22 10:59:05.000000'),
(5, 'Dubai\n(DXB)', 4, '0', '2021-02-22 10:59:05.000000'),
(6, 'Sharjah\n(SHJ)', 0, '0', '2021-02-22 10:59:05.000000'),
(7, 'Colombo\n(CMB)', 3, '0', '2021-02-22 10:59:05.000000'),
(8, 'Kolkata\n(CCU)', 0, '0', '2021-02-22 10:59:05.000000'),
(9, 'Bengaluru\n(BLR)', 0, '0', '2021-02-22 10:59:05.000000'),
(10, 'Delhi\n(DEL)', 0, '0', '2021-02-22 10:59:05.000000'),
(11, 'Shenzhen\n(SZX)', 0, '0', '2021-02-22 10:59:05.000000'),
(12, 'Bengaluru\n(BLR)', 1, '0', '2021-02-22 10:59:05.000000'),
(13, 'Mumbai\n(BOM)', 1, '0', '2021-02-22 10:59:05.000000'),
(14, 'Nagpur\n(NAG)', 1, '0', '2021-02-22 10:59:05.000000'),
(15, 'Kolkata\n(CCU)', 1, '0', '2021-02-22 10:59:05.000000'),
(16, 'Coimbatore\n(CJB)', 1, '0', '2021-02-22 10:59:05.000000'),
(17, 'Port Blair\n(IXZ)', 1, '0', '2021-02-22 10:59:05.000000'),
(18, 'Salem\n(SXV)', 1, '0', '2021-02-22 10:59:05.000000'),
(19, 'Madurai\n(IXM)', 1, '0', '2021-02-22 10:59:05.000000'),
(20, 'Tiruchirappalli\n(TRZ)', 1, '0', '2021-02-22 10:59:05.000000'),
(21, 'Doha\n(DOH)', 0, '0', '2021-02-22 10:59:05.000000'),
(22, 'Pune\n(PNQ)', 1, '0', '2021-02-22 10:59:05.000000'),
(23, 'Vishakhapatnam\n(VTZ)', 1, '0', '2021-02-22 10:59:05.000000'),
(24, 'Mumbai\n(BOM)', 0, '0', '2021-02-22 10:59:05.000000'),
(25, 'Bhubaneswar\n(BBI)', 1, '0', '2021-02-22 10:59:05.000000'),
(26, 'Ranchi\n(IXR)', 1, '0', '2021-02-22 10:59:05.000000'),
(27, 'Kochi\n(COK)', 1, '0', '2021-02-22 10:59:05.000000'),
(28, 'Ahmedabad\n(AMD)', 1, '0', '2021-02-22 10:59:05.000000'),
(29, 'Tuticorin\n(TCR)', 1, '0', '2021-02-22 10:59:05.000000'),
(30, 'Bagdogra\n(IXB)', 1, '0', '2021-02-22 10:59:05.000000'),
(31, 'Dhaka\n(DAC)', 4, '0', '2021-02-22 10:59:05.000000'),
(32, 'Thiruvananthapuram\n(TRV)', 1, '0', '2021-02-22 10:59:05.000000'),
(33, 'Hong Kong\n(HKG)', 0, '0', '2021-02-22 10:59:05.000000'),
(34, 'Dubai\n(DXB)', 3, '0', '2021-02-22 10:59:05.000000'),
(35, 'Kadapa\n(CDP)', 1, '0', '2021-02-22 10:59:05.000000'),
(36, 'Raipur\n(RPR)', 1, '0', '2021-02-22 10:59:05.000000'),
(37, 'Jodhpur\n(JDH)', 1, '0', '2021-02-22 10:59:05.000000'),
(38, 'Kozhikode\n(CCJ)', 1, '0', '2021-02-22 10:59:05.000000'),
(39, 'Patna\n(PAT)', 1, '0', '2021-02-22 10:59:05.000000'),
(40, 'Varanasi\n(VNS)', 1, '0', '2021-02-22 10:59:05.000000'),
(41, 'Vijayawada\n(VGA)', 1, '0', '2021-02-22 10:59:05.000000'),
(42, 'Goa\n(GOI)', 1, '0', '2021-02-22 10:59:05.000000'),
(43, 'Indore\n(IDR)', 1, '0', '2021-02-22 10:59:05.000000'),
(44, 'Mangalore\n(IXE)', 1, '0', '2021-02-22 10:59:05.000000'),
(45, 'Delhi\n(DEL)', 3, '0', '2021-02-22 10:59:05.000000'),
(46, 'Singapore\n(SIN)', 3, '0', '2021-02-22 10:59:05.000000'),
(47, 'Dubai\n(DXB)', 0, '0', '2021-02-22 10:59:05.000000'),
(48, 'Rajahmundry\n(RJA)', 1, '0', '2021-02-22 10:59:05.000000'),
(49, 'Andal\n(RDP)', 1, '0', '2021-02-22 10:59:05.000000'),
(50, 'Madurai\n(IXM)', 0, '0', '2021-02-22 10:59:05.000000'),
(51, 'Lucknow\n(LKO)', 1, '0', '2021-02-22 10:59:05.000000'),
(52, 'Chandigarh\n(IXC)', 1, '0', '2021-02-22 10:59:05.000000'),
(53, 'Mysore\n(MYQ)', 0, '0', '2021-02-22 10:59:05.000000'),
(54, 'Hubli\n(HBX)', 1, '0', '2021-02-22 10:59:05.000000'),
(55, 'Jaipur\n(JAI)', 1, '0', '2021-02-22 10:59:05.000000'),
(56, 'Kannur\n(CNN)', 1, '0', '2021-02-22 10:59:05.000000'),
(57, 'Kuwait\n(KWI)', 4, '0', '2021-02-22 11:00:25.000000'),
(58, 'Changsha\n(CSX)', 0, '0', '2021-02-22 11:00:25.000000'),
(59, 'Doha\n(DOH)', 4, '0', '2021-02-22 11:00:25.000000'),
(60, 'Bengaluru\n(BLR)', 4, '0', '2021-02-22 11:00:25.000000'),
(61, 'Singapore\n(SIN)', 4, '0', '2021-02-22 11:00:25.000000'),
(62, 'Surat Gujarat\n(STV)', 0, '0', '2021-02-22 11:00:25.000000'),
(63, 'Mysore\n(MYQ)', 1, '0', '2021-02-22 11:00:25.000000'),
(64, 'Hyderabad\n(HYD)', 4, '0', '2021-02-22 11:00:25.000000'),
(65, 'Hyderabad\n(HYD)', 0, '0', '2021-02-22 11:00:25.000000'),
(66, '(SIN) Singapore', 0, '0', '2021-02-22 11:01:13.000000'),
(67, '(MAA) Chennai', 0, '0', '2021-02-22 11:01:13.000000'),
(68, '(KUL) Kuala Lumpur', 0, '0', '2021-02-22 11:01:13.000000'),
(69, '(HYD) Hyderabad', 0, '0', '2021-02-22 11:01:13.000000'),
(70, '(AUH) Abu Dhabi', 0, '0', '2021-02-22 11:01:13.000000'),
(71, '(BLR) Bengaluru', 0, '0', '2021-02-22 11:01:13.000000'),
(72, '(DXB) Dubai', 0, '0', '2021-02-22 11:01:24.000000');

-- --------------------------------------------------------

--
-- Table structure for table `live_status`
--

CREATE TABLE `live_status` (
  `live_id` int(11) NOT NULL,
  `flight_id` int(11) NOT NULL,
  `time_id` int(11) NOT NULL,
  `airline_id` int(11) NOT NULL,
  `status_id` int(11) NOT NULL,
  `type` set('arrival','departure') NOT NULL,
  `arrival` varchar(5) NOT NULL,
  `departure` varchar(5) NOT NULL,
  `date` date NOT NULL,
  `state` int(3) NOT NULL,
  `airport_id` int(11) NOT NULL
) ENGINE=InnoDB DEFAULT CHARSET=utf8mb4;

--
-- Dumping data for table `live_status`
--

INSERT INTO `live_status` (`live_id`, `flight_id`, `time_id`, `airline_id`, `status_id`, `type`, `arrival`, `departure`, `date`, `state`, `airport_id`) VALUES
(1, 1, 1, 1, 1, 'arrival', '', '', '2021-02-22', 0, 1),
(2, 2, 2, 2, 1, 'arrival', '', '', '2021-02-22', 0, 1),
(3, 2, 3, 3, 1, 'arrival', '', '', '2021-02-22', 0, 1),
(4, 3, 4, 4, 1, 'arrival', '', '', '2021-02-22', 0, 1),
(5, 4, 5, 5, 1, 'arrival', '', '', '2021-02-22', 0, 1),
(6, 5, 6, 6, 1, 'arrival', '', '', '2021-02-22', 0, 1),
(7, 6, 7, 7, 1, 'arrival', '', '', '2021-02-22', 0, 1),
(8, 7, 8, 8, 1, 'arrival', '', '', '2021-02-22', 0, 1),
(9, 8, 9, 9, 2, 'arrival', '', '', '2021-02-22', 0, 1),
(10, 9, 10, 10, 3, 'arrival', '', '', '2021-02-22', 0, 1),
(11, 10, 11, 11, 1, 'arrival', '', '', '2021-02-22', 0, 1),
(12, 11, 12, 12, 4, 'arrival', '', '', '2021-02-22', 0, 1),
(13, 12, 13, 13, 1, 'arrival', '', '', '2021-02-22', 0, 1),
(14, 12, 14, 14, 1, 'arrival', '', '', '2021-02-22', 0, 1),
(15, 13, 15, 15, 1, 'arrival', '', '', '2021-02-22', 0, 1),
(16, 10, 16, 16, 1, 'arrival', '', '', '2021-02-22', 0, 1),
(17, 1, 16, 17, 1, 'arrival', '', '', '2021-02-22', 0, 1),
(18, 13, 17, 18, 1, 'arrival', '', '', '2021-02-22', 0, 1),
(19, 14, 18, 19, 1, 'arrival', '', '', '2021-02-22', 0, 1),
(20, 12, 19, 20, 1, 'arrival', '', '', '2021-02-22', 0, 1),
(21, 15, 20, 21, 1, 'arrival', '', '', '2021-02-22', 0, 1),
(22, 5, 21, 22, 1, 'arrival', '', '', '2021-02-22', 0, 1),
(23, 16, 22, 23, 1, 'arrival', '', '', '2021-02-22', 0, 1),
(24, 13, 23, 24, 1, 'arrival', '', '', '2021-02-22', 0, 1),
(25, 2, 23, 25, 1, 'arrival', '', '', '2021-02-22', 0, 1),
(26, 1, 24, 26, 1, 'arrival', '', '', '2021-02-22', 0, 1),
(27, 12, 25, 27, 1, 'arrival', '', '', '2021-02-22', 0, 1),
(28, 17, 26, 28, 1, 'arrival', '', '', '2021-02-22', 0, 1),
(29, 15, 27, 29, 1, 'arrival', '', '', '2021-02-22', 0, 1),
(30, 18, 27, 30, 5, 'arrival', '', '', '2021-02-22', 0, 1),
(31, 19, 28, 31, 1, 'arrival', '', '', '2021-02-22', 0, 1),
(32, 20, 29, 32, 1, 'arrival', '', '', '2021-02-22', 0, 1),
(33, 12, 30, 33, 1, 'arrival', '', '', '2021-02-22', 0, 1),
(34, 16, 31, 34, 1, 'arrival', '', '', '2021-02-22', 0, 1),
(35, 13, 32, 35, 1, 'arrival', '', '', '2021-02-22', 0, 1),
(36, 21, 32, 36, 4, 'arrival', '', '', '2021-02-22', 0, 1),
(37, 22, 33, 37, 1, 'arrival', '', '', '2021-02-22', 0, 1),
(38, 23, 34, 38, 1, 'arrival', '', '', '2021-02-22', 0, 1),
(39, 24, 35, 39, 1, 'arrival', '', '', '2021-02-22', 0, 1),
(40, 2, 36, 40, 1, 'arrival', '', '', '2021-02-22', 0, 1),
(41, 25, 37, 41, 1, 'arrival', '', '', '2021-02-22', 0, 1),
(42, 12, 37, 42, 1, 'arrival', '', '', '2021-02-22', 0, 1),
(43, 2, 38, 43, 1, 'arrival', '', '', '2021-02-22', 0, 1),
(44, 26, 38, 44, 1, 'arrival', '', '', '2021-02-22', 0, 1),
(45, 22, 39, 45, 1, 'arrival', '', '', '2021-02-22', 0, 1),
(46, 13, 40, 46, 1, 'arrival', '', '', '2021-02-22', 0, 1),
(47, 13, 41, 47, 1, 'arrival', '', '', '2021-02-22', 0, 1),
(48, 27, 42, 48, 1, 'arrival', '', '', '2021-02-22', 0, 1),
(49, 19, 42, 49, 1, 'arrival', '', '', '2021-02-22', 0, 1),
(50, 23, 42, 50, 1, 'arrival', '', '', '2021-02-22', 0, 1),
(51, 28, 43, 51, 1, 'arrival', '', '', '2021-02-22', 0, 1),
(52, 1, 44, 52, 1, 'arrival', '', '', '2021-02-22', 0, 1),
(53, 2, 45, 53, 1, 'arrival', '', '', '2021-02-22', 0, 1),
(54, 29, 46, 54, 1, 'arrival', '', '', '2021-02-22', 0, 1),
(55, 19, 47, 55, 1, 'arrival', '', '', '2021-02-22', 0, 1),
(56, 30, 48, 56, 3, 'arrival', '', '', '2021-02-22', 0, 1),
(57, 28, 49, 57, 1, 'arrival', '', '', '2021-02-22', 0, 1),
(58, 31, 49, 58, 4, 'arrival', '', '', '2021-02-22', 0, 1),
(59, 10, 50, 59, 1, 'arrival', '', '', '2021-02-22', 0, 1),
(60, 15, 51, 60, 1, 'arrival', '', '', '2021-02-22', 0, 1),
(61, 32, 52, 61, 1, 'arrival', '', '', '2021-02-22', 0, 1),
(62, 17, 53, 62, 1, 'arrival', '', '', '2021-02-22', 0, 1),
(63, 33, 54, 63, 4, 'arrival', '', '', '2021-02-22', 0, 1),
(64, 12, 55, 64, 1, 'arrival', '', '', '2021-02-22', 0, 1),
(65, 13, 56, 65, 1, 'arrival', '', '', '2021-02-22', 0, 1),
(66, 27, 57, 66, 1, 'arrival', '', '', '2021-02-22', 0, 1),
(67, 15, 58, 67, 1, 'arrival', '', '', '2021-02-22', 0, 1),
(68, 34, 58, 68, 1, 'arrival', '', '', '2021-02-22', 0, 1),
(69, 35, 59, 69, 5, 'arrival', '', '', '2021-02-22', 0, 1),
(70, 2, 59, 70, 1, 'arrival', '', '', '2021-02-22', 0, 1),
(71, 19, 59, 71, 1, 'arrival', '', '', '2021-02-22', 0, 1),
(72, 17, 59, 72, 1, 'arrival', '', '', '2021-02-22', 0, 1),
(73, 36, 60, 73, 1, 'arrival', '', '', '2021-02-22', 0, 1),
(74, 37, 61, 74, 1, 'arrival', '', '', '2021-02-22', 0, 1),
(75, 29, 62, 75, 1, 'arrival', '', '', '2021-02-22', 0, 1),
(76, 38, 63, 76, 1, 'arrival', '', '', '2021-02-22', 0, 1),
(77, 15, 64, 77, 1, 'arrival', '', '', '2021-02-22', 0, 1),
(78, 30, 65, 78, 1, 'arrival', '', '', '2021-02-22', 0, 1),
(79, 2, 66, 79, 1, 'arrival', '', '', '2021-02-22', 0, 1),
(80, 1, 67, 80, 1, 'arrival', '', '', '2021-02-22', 0, 1),
(81, 39, 68, 81, 2, 'arrival', '', '', '2021-02-22', 0, 1),
(82, 40, 68, 82, 1, 'arrival', '', '', '2021-02-22', 0, 1),
(83, 12, 69, 83, 1, 'arrival', '', '', '2021-02-22', 0, 1),
(84, 15, 70, 84, 1, 'arrival', '', '', '2021-02-22', 0, 1),
(85, 41, 71, 85, 2, 'arrival', '', '', '2021-02-22', 0, 1),
(86, 16, 72, 86, 6, 'arrival', '', '', '2021-02-22', 0, 1),
(87, 29, 73, 87, 7, 'arrival', '', '', '2021-02-22', 0, 1),
(88, 42, 74, 88, 7, 'arrival', '', '', '2021-02-22', 0, 1),
(89, 16, 75, 89, 7, 'arrival', '', '', '2021-02-22', 0, 1),
(90, 13, 76, 90, 8, 'arrival', '', '', '2021-02-22', 0, 1),
(91, 22, 77, 91, 9, 'arrival', '', '', '2021-02-22', 0, 1),
(92, 43, 78, 92, 7, 'arrival', '', '', '2021-02-22', 0, 1),
(93, 13, 79, 93, 9, 'arrival', '', '', '2021-02-22', 0, 1),
(94, 44, 79, 94, 7, 'arrival', '', '', '2021-02-22', 0, 1),
(95, 12, 80, 95, 9, 'arrival', '', '', '2021-02-22', 0, 1),
(96, 2, 81, 96, 7, 'arrival', '', '', '2021-02-22', 0, 1),
(97, 15, 82, 97, 7, 'arrival', '', '', '2021-02-22', 0, 1),
(98, 21, 82, 98, 6, 'arrival', '', '', '2021-02-22', 0, 1),
(99, 15, 83, 99, 6, 'arrival', '', '', '2021-02-22', 0, 1),
(100, 39, 84, 100, 7, 'arrival', '', '', '2021-02-22', 0, 1),
(101, 12, 85, 101, 5, 'arrival', '', '', '2021-02-22', 0, 1),
(102, 2, 86, 102, 7, 'arrival', '', '', '2021-02-22', 0, 1),
(103, 23, 87, 103, 9, 'arrival', '', '', '2021-02-22', 0, 1),
(104, 45, 88, 104, 10, 'arrival', '', '', '2021-02-22', 0, 1),
(105, 46, 89, 105, 6, 'arrival', '', '', '2021-02-22', 0, 1),
(106, 1, 90, 106, 9, 'arrival', '', '', '2021-02-22', 0, 1),
(107, 47, 91, 107, 6, 'arrival', '', '', '2021-02-22', 0, 1),
(108, 3, 92, 108, 7, 'arrival', '', '', '2021-02-22', 0, 1),
(109, 16, 93, 109, 9, 'arrival', '', '', '2021-02-22', 0, 1),
(110, 48, 94, 110, 9, 'arrival', '', '', '2021-02-22', 0, 1),
(111, 2, 95, 111, 5, 'arrival', '', '', '2021-02-22', 0, 1),
(112, 41, 96, 112, 9, 'arrival', '', '', '2021-02-22', 0, 1),
(113, 25, 97, 113, 9, 'arrival', '', '', '2021-02-22', 0, 1),
(114, 12, 98, 114, 9, 'arrival', '', '', '2021-02-22', 0, 1),
(115, 8, 98, 115, 10, 'arrival', '', '', '2021-02-22', 0, 1),
(116, 49, 98, 116, 9, 'arrival', '', '', '2021-02-22', 0, 1),
(117, 50, 99, 117, 5, 'arrival', '', '', '2021-02-22', 0, 1),
(118, 19, 100, 118, 9, 'arrival', '', '', '2021-02-22', 0, 1),
(119, 2, 101, 119, 9, 'arrival', '', '', '2021-02-22', 0, 1),
(120, 3, 102, 120, 9, 'arrival', '', '', '2021-02-22', 0, 1),
(121, 15, 103, 121, 10, 'arrival', '', '', '2021-02-22', 0, 1),
(122, 51, 104, 122, 10, 'arrival', '', '', '2021-02-22', 0, 1),
(123, 2, 105, 123, 9, 'arrival', '', '', '2021-02-22', 0, 1),
(124, 1, 105, 124, 9, 'arrival', '', '', '2021-02-22', 0, 1),
(125, 52, 106, 125, 9, 'arrival', '', '', '2021-02-22', 0, 1),
(126, 39, 106, 126, 9, 'arrival', '', '', '2021-02-22', 0, 1),
(127, 13, 107, 127, 5, 'arrival', '', '', '2021-02-22', 0, 1),
(128, 13, 108, 128, 9, 'arrival', '', '', '2021-02-22', 0, 1),
(129, 15, 108, 129, 9, 'arrival', '', '', '2021-02-22', 0, 1),
(130, 27, 109, 130, 9, 'arrival', '', '', '2021-02-22', 0, 1),
(131, 12, 110, 131, 9, 'arrival', '', '', '2021-02-22', 0, 1),
(132, 28, 111, 132, 9, 'arrival', '', '', '2021-02-22', 0, 1),
(133, 53, 111, 133, 5, 'arrival', '', '', '2021-02-22', 0, 1),
(134, 13, 112, 134, 2, 'arrival', '', '', '2021-02-22', 0, 1),
(135, 16, 113, 135, 9, 'arrival', '', '', '2021-02-22', 0, 1),
(136, 1, 113, 136, 9, 'arrival', '', '', '2021-02-22', 0, 1),
(137, 13, 114, 137, 9, 'arrival', '', '', '2021-02-22', 0, 1),
(138, 1, 115, 138, 5, 'arrival', '', '', '2021-02-22', 0, 1),
(139, 32, 115, 139, 9, 'arrival', '', '', '2021-02-22', 0, 1),
(140, 12, 116, 140, 9, 'arrival', '', '', '2021-02-22', 0, 1),
(141, 1, 117, 141, 5, 'arrival', '', '', '2021-02-22', 0, 1),
(142, 13, 118, 142, 9, 'arrival', '', '', '2021-02-22', 0, 1),
(143, 54, 118, 143, 9, 'arrival', '', '', '2021-02-22', 0, 1),
(144, 47, 119, 144, 5, 'arrival', '', '', '2021-02-22', 0, 1),
(145, 55, 120, 145, 9, 'arrival', '', '', '2021-02-22', 0, 1),
(146, 1, 121, 146, 9, 'arrival', '', '', '2021-02-22', 0, 1),
(147, 20, 122, 147, 9, 'arrival', '', '', '2021-02-22', 0, 1),
(148, 56, 123, 148, 9, 'arrival', '', '', '2021-02-22', 0, 1),
(149, 2, 123, 149, 9, 'arrival', '', '', '2021-02-22', 0, 1),
(150, 12, 124, 150, 9, 'arrival', '', '', '2021-02-22', 0, 1),
(151, 15, 124, 151, 9, 'arrival', '', '', '2021-02-22', 0, 1),
(152, 12, 125, 152, 5, 'arrival', '', '', '2021-02-22', 0, 1),
(153, 12, 126, 153, 4, 'departure', '', '', '2021-02-22', 0, 1),
(154, 57, 127, 154, 4, 'departure', '', '', '2021-02-22', 0, 1),
(155, 58, 4, 155, 5, 'departure', '', '', '2021-02-22', 0, 1),
(156, 11, 128, 156, 6, 'departure', '', '', '2021-02-22', 0, 1),
(157, 59, 129, 157, 1, 'departure', '', '', '2021-02-22', 0, 1),
(158, 5, 8, 158, 1, 'departure', '', '', '2021-02-22', 0, 1),
(159, 6, 130, 159, 4, 'departure', '', '', '2021-02-22', 0, 1),
(160, 5, 131, 160, 1, 'departure', '', '', '2021-02-22', 0, 1),
(161, 1, 132, 161, 1, 'departure', '', '', '2021-02-22', 0, 1),
(162, 15, 10, 162, 1, 'departure', '', '', '2021-02-22', 0, 1),
(163, 26, 133, 163, 1, 'departure', '', '', '2021-02-22', 0, 1),
(164, 15, 134, 164, 1, 'departure', '', '', '2021-02-22', 0, 1),
(165, 16, 135, 165, 1, 'departure', '', '', '2021-02-22', 0, 1),
(166, 2, 136, 166, 1, 'departure', '', '', '2021-02-22', 0, 1),
(167, 12, 137, 167, 1, 'departure', '', '', '2021-02-22', 0, 1),
(168, 8, 137, 168, 3, 'departure', '', '', '2021-02-22', 0, 1),
(169, 28, 138, 169, 1, 'departure', '', '', '2021-02-22', 0, 1),
(170, 13, 138, 170, 1, 'departure', '', '', '2021-02-22', 0, 1),
(171, 2, 139, 171, 1, 'departure', '', '', '2021-02-22', 0, 1),
(172, 28, 140, 172, 1, 'departure', '', '', '2021-02-22', 0, 1),
(173, 13, 141, 173, 1, 'departure', '', '', '2021-02-22', 0, 1),
(174, 54, 141, 174, 1, 'departure', '', '', '2021-02-22', 0, 1),
(175, 19, 141, 175, 1, 'departure', '', '', '2021-02-22', 0, 1),
(176, 22, 141, 176, 1, 'departure', '', '', '2021-02-22', 0, 1),
(177, 25, 142, 177, 1, 'departure', '', '', '2021-02-22', 0, 1),
(178, 1, 143, 178, 1, 'departure', '', '', '2021-02-22', 0, 1),
(179, 13, 11, 179, 1, 'departure', '', '', '2021-02-22', 0, 1),
(180, 12, 12, 180, 1, 'departure', '', '', '2021-02-22', 0, 1),
(181, 8, 144, 181, 2, 'departure', '', '', '2021-02-22', 0, 1),
(182, 30, 144, 182, 1, 'departure', '', '', '2021-02-22', 0, 1),
(183, 20, 144, 183, 1, 'departure', '', '', '2021-02-22', 0, 1),
(184, 60, 13, 184, 1, 'departure', '', '', '2021-02-22', 0, 1),
(185, 23, 13, 185, 1, 'departure', '', '', '2021-02-22', 0, 1),
(186, 16, 145, 186, 1, 'departure', '', '', '2021-02-22', 0, 1),
(187, 18, 14, 187, 5, 'departure', '', '', '2021-02-22', 0, 1),
(188, 3, 146, 188, 1, 'departure', '', '', '2021-02-22', 0, 1),
(189, 15, 147, 189, 1, 'departure', '', '', '2021-02-22', 0, 1),
(190, 1, 148, 190, 1, 'departure', '', '', '2021-02-22', 0, 1),
(191, 28, 149, 13, 4, 'departure', '', '', '2021-02-22', 0, 1),
(192, 12, 150, 191, 1, 'departure', '', '', '2021-02-22', 0, 1),
(193, 2, 18, 192, 1, 'departure', '', '', '2021-02-22', 0, 1),
(194, 2, 21, 193, 1, 'departure', '', '', '2021-02-22', 0, 1),
(195, 23, 151, 18, 1, 'departure', '', '', '2021-02-22', 0, 1),
(196, 17, 22, 17, 1, 'departure', '', '', '2021-02-22', 0, 1),
(197, 19, 23, 194, 1, 'departure', '', '', '2021-02-22', 0, 1),
(198, 29, 23, 195, 1, 'departure', '', '', '2021-02-22', 0, 1),
(199, 27, 24, 19, 1, 'departure', '', '', '2021-02-22', 0, 1),
(200, 3, 152, 196, 1, 'departure', '', '', '2021-02-22', 0, 1),
(201, 13, 153, 197, 1, 'departure', '', '', '2021-02-22', 0, 1),
(202, 15, 153, 198, 1, 'departure', '', '', '2021-02-22', 0, 1),
(203, 8, 153, 199, 1, 'departure', '', '', '2021-02-22', 0, 1),
(204, 5, 153, 200, 4, 'departure', '', '', '2021-02-22', 0, 1),
(205, 15, 25, 25, 1, 'departure', '', '', '2021-02-22', 0, 1),
(206, 30, 154, 201, 1, 'departure', '', '', '2021-02-22', 0, 1),
(207, 39, 154, 202, 1, 'departure', '', '', '2021-02-22', 0, 1),
(208, 37, 155, 203, 1, 'departure', '', '', '2021-02-22', 0, 1),
(209, 2, 26, 204, 1, 'departure', '', '', '2021-02-22', 0, 1),
(210, 1, 156, 205, 1, 'departure', '', '', '2021-02-22', 0, 1),
(211, 17, 156, 206, 1, 'departure', '', '', '2021-02-22', 0, 1),
(212, 61, 156, 207, 4, 'departure', '', '', '2021-02-22', 0, 1),
(213, 19, 27, 208, 1, 'departure', '', '', '2021-02-22', 0, 1),
(214, 5, 157, 209, 1, 'departure', '', '', '2021-02-22', 0, 1),
(215, 32, 158, 210, 1, 'departure', '', '', '2021-02-22', 0, 1),
(216, 12, 30, 211, 1, 'departure', '', '', '2021-02-22', 0, 1),
(217, 13, 30, 28, 1, 'departure', '', '', '2021-02-22', 0, 1),
(218, 35, 30, 212, 5, 'departure', '', '', '2021-02-22', 0, 1),
(219, 15, 31, 213, 1, 'departure', '', '', '2021-02-22', 0, 1),
(220, 40, 32, 214, 1, 'departure', '', '', '2021-02-22', 0, 1),
(221, 1, 159, 215, 1, 'departure', '', '', '2021-02-22', 0, 1),
(222, 36, 160, 216, 1, 'departure', '', '', '2021-02-22', 0, 1),
(223, 13, 38, 217, 1, 'departure', '', '', '2021-02-22', 0, 1),
(224, 29, 161, 218, 1, 'departure', '', '', '2021-02-22', 0, 1),
(225, 12, 40, 219, 1, 'departure', '', '', '2021-02-22', 0, 1),
(226, 39, 40, 220, 2, 'departure', '', '', '2021-02-22', 0, 1),
(227, 38, 41, 221, 1, 'departure', '', '', '2021-02-22', 0, 1),
(228, 27, 162, 41, 1, 'departure', '', '', '2021-02-22', 0, 1),
(229, 8, 163, 222, 1, 'departure', '', '', '2021-02-22', 0, 1),
(230, 21, 164, 223, 1, 'departure', '', '', '2021-02-22', 0, 1),
(231, 2, 42, 224, 1, 'departure', '', '', '2021-02-22', 0, 1),
(232, 2, 165, 225, 1, 'departure', '', '', '2021-02-22', 0, 1),
(233, 62, 166, 226, 1, 'departure', '', '', '2021-02-22', 0, 1),
(234, 19, 167, 227, 1, 'departure', '', '', '2021-02-22', 0, 1),
(235, 39, 45, 228, 1, 'departure', '', '', '2021-02-22', 0, 1),
(236, 13, 46, 50, 1, 'departure', '', '', '2021-02-22', 0, 1),
(237, 15, 47, 229, 1, 'departure', '', '', '2021-02-22', 0, 1),
(238, 43, 49, 48, 1, 'departure', '', '', '2021-02-22', 0, 1),
(239, 12, 50, 230, 1, 'departure', '', '', '2021-02-22', 0, 1),
(240, 29, 168, 231, 1, 'departure', '', '', '2021-02-22', 0, 1),
(241, 42, 169, 232, 1, 'departure', '', '', '2021-02-22', 0, 1),
(242, 13, 170, 233, 1, 'departure', '', '', '2021-02-22', 0, 1),
(243, 41, 171, 234, 2, 'departure', '', '', '2021-02-22', 0, 1),
(244, 22, 51, 235, 1, 'departure', '', '', '2021-02-22', 0, 1),
(245, 12, 52, 57, 1, 'departure', '', '', '2021-02-22', 0, 1),
(246, 31, 172, 236, 4, 'departure', '', '', '2021-02-22', 0, 1),
(247, 22, 173, 237, 3, 'departure', '', '', '2021-02-22', 0, 1),
(248, 16, 54, 238, 1, 'departure', '', '', '2021-02-22', 0, 1),
(249, 44, 54, 239, 1, 'departure', '', '', '2021-02-22', 0, 1),
(250, 52, 174, 240, 7, 'departure', '', '', '2021-02-22', 0, 1),
(251, 16, 175, 60, 1, 'departure', '', '', '2021-02-22', 0, 1),
(252, 1, 176, 62, 1, 'departure', '', '', '2021-02-22', 0, 1),
(253, 51, 58, 241, 7, 'departure', '', '', '2021-02-22', 0, 1),
(254, 12, 177, 242, 1, 'departure', '', '', '2021-02-22', 0, 1),
(255, 17, 178, 65, 7, 'departure', '', '', '2021-02-22', 0, 1),
(256, 49, 60, 243, 7, 'departure', '', '', '2021-02-22', 0, 1),
(257, 33, 61, 244, 5, 'departure', '', '', '2021-02-22', 0, 1),
(258, 63, 179, 245, 5, 'departure', '', '', '2021-02-22', 0, 1),
(259, 25, 64, 66, 7, 'departure', '', '', '2021-02-22', 0, 1),
(260, 1, 65, 246, 7, 'departure', '', '', '2021-02-22', 0, 1),
(261, 13, 180, 71, 7, 'departure', '', '', '2021-02-22', 0, 1),
(262, 23, 180, 247, 7, 'departure', '', '', '2021-02-22', 0, 1),
(263, 48, 181, 248, 7, 'departure', '', '', '2021-02-22', 0, 1),
(264, 16, 69, 249, 7, 'departure', '', '', '2021-02-22', 0, 1),
(265, 28, 70, 250, 7, 'departure', '', '', '2021-02-22', 0, 1),
(266, 41, 71, 251, 7, 'departure', '', '', '2021-02-22', 0, 1),
(267, 13, 182, 252, 5, 'departure', '', '', '2021-02-22', 0, 1),
(268, 15, 73, 253, 9, 'departure', '', '', '2021-02-22', 0, 1),
(269, 2, 183, 254, 5, 'departure', '', '', '2021-02-22', 0, 1),
(270, 55, 184, 255, 5, 'departure', '', '', '2021-02-22', 0, 1),
(271, 13, 75, 256, 2, 'departure', '', '', '2021-02-22', 0, 1),
(272, 2, 76, 257, 9, 'departure', '', '', '2021-02-22', 0, 1),
(273, 12, 77, 258, 9, 'departure', '', '', '2021-02-22', 0, 1),
(274, 10, 78, 259, 10, 'departure', '', '', '2021-02-22', 0, 1),
(275, 19, 185, 260, 5, 'departure', '', '', '2021-02-22', 0, 1),
(276, 15, 79, 89, 5, 'departure', '', '', '2021-02-22', 0, 1),
(277, 2, 80, 86, 5, 'departure', '', '', '2021-02-22', 0, 1),
(278, 27, 186, 92, 5, 'departure', '', '', '2021-02-22', 0, 1),
(279, 13, 83, 261, 9, 'departure', '', '', '2021-02-22', 0, 1),
(280, 3, 83, 262, 5, 'departure', '', '', '2021-02-22', 0, 1),
(281, 15, 85, 263, 9, 'departure', '', '', '2021-02-22', 0, 1),
(282, 32, 86, 264, 5, 'departure', '', '', '2021-02-22', 0, 1),
(283, 2, 87, 265, 5, 'departure', '', '', '2021-02-22', 0, 1),
(284, 12, 88, 266, 5, 'departure', '', '', '2021-02-22', 0, 1),
(285, 56, 89, 267, 5, 'departure', '', '', '2021-02-22', 0, 1),
(286, 5, 90, 268, 5, 'departure', '', '', '2021-02-22', 0, 1),
(287, 16, 92, 269, 5, 'departure', '', '', '2021-02-22', 0, 1),
(288, 1, 187, 270, 5, 'departure', '', '', '2021-02-22', 0, 1),
(289, 1, 187, 101, 5, 'departure', '', '', '2021-02-22', 0, 1),
(290, 2, 188, 271, 9, 'departure', '', '', '2021-02-22', 0, 1),
(291, 21, 189, 272, 5, 'departure', '', '', '2021-02-22', 0, 1),
(292, 1, 189, 273, 5, 'departure', '', '', '2021-02-22', 0, 1),
(293, 12, 97, 274, 5, 'departure', '', '', '2021-02-22', 0, 1),
(294, 47, 99, 275, 5, 'departure', '', '', '2021-02-22', 0, 1),
(295, 64, 190, 104, 5, 'departure', '', '', '2021-02-22', 0, 1),
(296, 20, 101, 276, 5, 'departure', '', '', '2021-02-22', 0, 1),
(297, 2, 107, 277, 5, 'departure', '', '', '2021-02-22', 0, 1),
(298, 12, 191, 278, 5, 'departure', '', '', '2021-02-22', 0, 1),
(299, 2, 192, 279, 10, 'departure', '', '', '2021-02-22', 0, 1),
(300, 2, 108, 280, 5, 'departure', '', '', '2021-02-22', 0, 1),
(301, 1, 193, 281, 5, 'departure', '', '', '2021-02-22', 0, 1),
(302, 13, 110, 282, 9, 'departure', '', '', '2021-02-22', 0, 1),
(303, 15, 114, 283, 5, 'departure', '', '', '2021-02-22', 0, 1),
(304, 14, 114, 130, 5, 'departure', '', '', '2021-02-22', 0, 1),
(305, 13, 115, 284, 5, 'departure', '', '', '2021-02-22', 0, 1),
(306, 65, 115, 285, 5, 'departure', '', '', '2021-02-22', 0, 1),
(307, 9, 117, 286, 5, 'departure', '', '', '2021-02-22', 0, 1),
(308, 12, 119, 138, 5, 'departure', '', '', '2021-02-22', 0, 1),
(309, 47, 125, 287, 5, 'departure', '', '', '2021-02-22', 0, 1),
(310, 66, 145, 288, 11, 'arrival', '', '', '2021-02-22', 0, 2),
(311, 67, 21, 289, 12, 'arrival', '', '', '2021-02-22', 0, 2),
(312, 68, 79, 290, 13, 'arrival', '', '', '2021-02-22', 0, 2),
(313, 69, 84, 291, 14, 'arrival', '', '', '2021-02-22', 0, 2),
(314, 70, 87, 292, 15, 'arrival', '', '', '2021-02-22', 0, 2),
(315, 71, 87, 293, 14, 'arrival', '', '', '2021-02-22', 0, 2),
(316, 67, 110, 294, 14, 'arrival', '', '', '2021-02-22', 0, 2),
(317, 66, 194, 295, 12, 'arrival', '', '', '2021-02-22', 0, 2),
(318, 67, 24, 296, 12, 'departure', '', '', '2021-02-22', 0, 2),
(319, 68, 155, 297, 12, 'departure', '', '', '2021-02-22', 0, 2),
(320, 70, 158, 298, 12, 'departure', '', '', '2021-02-22', 0, 2),
(321, 69, 92, 299, 14, 'departure', '', '', '2021-02-22', 0, 2),
(322, 71, 93, 300, 14, 'departure', '', '', '2021-02-22', 0, 2),
(323, 72, 94, 301, 14, 'departure', '', '', '2021-02-22', 0, 2),
(324, 66, 108, 302, 14, 'departure', '', '', '2021-02-22', 0, 2),
(325, 67, 115, 303, 14, 'departure', '', '', '2021-02-22', 0, 2);

-- --------------------------------------------------------

--
-- Table structure for table `status`
--

CREATE TABLE `status` (
  `status_id` int(11) NOT NULL,
  `status` varchar(200) NOT NULL,
  `state` enum('0','1') NOT NULL,
  `time_stamp` timestamp(6) NOT NULL DEFAULT current_timestamp(6)
) ENGINE=InnoDB DEFAULT CHARSET=utf8mb4;

--
-- Dumping data for table `status`
--

INSERT INTO `status` (`status_id`, `status`, `state`, `time_stamp`) VALUES
(1, 'Landed - On-time [+]', '0', '2021-02-22 10:59:05.000000'),
(2, 'Canceled [+]', '0', '2021-02-22 10:59:05.000000'),
(3, 'Landed - Delayed [+]', '0', '2021-02-22 10:59:05.000000'),
(4, 'Landed [+]', '0', '2021-02-22 10:59:05.000000'),
(5, 'Scheduled [+]', '0', '2021-02-22 10:59:05.000000'),
(6, 'En Route [+]', '0', '2021-02-22 10:59:05.000000'),
(7, 'En Route - On-time [+]', '0', '2021-02-22 10:59:05.000000'),
(8, 'En Route - Delayed [+]', '0', '2021-02-22 10:59:05.000000'),
(9, 'Scheduled - On-time [+]', '0', '2021-02-22 10:59:05.000000'),
(10, 'Scheduled - Delayed [+]', '0', '2021-02-22 10:59:05.000000'),
(11, 'Cancelled', '0', '2021-02-22 11:01:13.000000'),
(12, 'Landed', '0', '2021-02-22 11:01:13.000000'),
(13, 'En Route\n\n\r\n                                        Delayed', '0', '2021-02-22 11:01:13.000000'),
(14, 'Scheduled', '0', '2021-02-22 11:01:13.000000'),
(15, 'En Route', '0', '2021-02-22 11:01:13.000000');

-- --------------------------------------------------------

--
-- Table structure for table `time`
--

CREATE TABLE `time` (
  `time_id` int(11) NOT NULL,
  `time` varchar(10) NOT NULL,
  `state` enum('0','1') NOT NULL,
  `time_stamp` timestamp(6) NOT NULL DEFAULT current_timestamp(6)
) ENGINE=InnoDB DEFAULT CHARSET=utf8mb4;

--
-- Dumping data for table `time`
--

INSERT INTO `time` (`time_id`, `time`, `state`, `time_stamp`) VALUES
(1, '00:05', '0', '2021-02-22 10:59:05.000000'),
(2, '00:50', '0', '2021-02-22 10:59:05.000000'),
(3, '01:00', '0', '2021-02-22 10:59:05.000000'),
(4, '01:05', '0', '2021-02-22 10:59:05.000000'),
(5, '01:50', '0', '2021-02-22 10:59:05.000000'),
(6, '02:15', '0', '2021-02-22 10:59:05.000000'),
(7, '03:00', '0', '2021-02-22 10:59:05.000000'),
(8, '03:30', '0', '2021-02-22 10:59:05.000000'),
(9, '04:40', '0', '2021-02-22 10:59:05.000000'),
(10, '05:30', '0', '2021-02-22 10:59:05.000000'),
(11, '06:50', '0', '2021-02-22 10:59:05.000000'),
(12, '06:55', '0', '2021-02-22 10:59:05.000000'),
(13, '07:05', '0', '2021-02-22 10:59:05.000000'),
(14, '07:15', '0', '2021-02-22 10:59:05.000000'),
(15, '07:25', '0', '2021-02-22 10:59:05.000000'),
(16, '07:30', '0', '2021-02-22 10:59:05.000000'),
(17, '07:40', '0', '2021-02-22 10:59:05.000000'),
(18, '08:00', '0', '2021-02-22 10:59:05.000000'),
(19, '08:05', '0', '2021-02-22 10:59:05.000000'),
(20, '08:10', '0', '2021-02-22 10:59:05.000000'),
(21, '08:15', '0', '2021-02-22 10:59:05.000000'),
(22, '08:30', '0', '2021-02-22 10:59:05.000000'),
(23, '08:35', '0', '2021-02-22 10:59:05.000000'),
(24, '08:45', '0', '2021-02-22 10:59:05.000000'),
(25, '09:05', '0', '2021-02-22 10:59:05.000000'),
(26, '09:25', '0', '2021-02-22 10:59:05.000000'),
(27, '09:35', '0', '2021-02-22 10:59:05.000000'),
(28, '09:50', '0', '2021-02-22 10:59:05.000000'),
(29, '09:55', '0', '2021-02-22 10:59:05.000000'),
(30, '10:00', '0', '2021-02-22 10:59:05.000000'),
(31, '10:10', '0', '2021-02-22 10:59:05.000000'),
(32, '10:15', '0', '2021-02-22 10:59:05.000000'),
(33, '10:20', '0', '2021-02-22 10:59:05.000000'),
(34, '10:25', '0', '2021-02-22 10:59:05.000000'),
(35, '10:35', '0', '2021-02-22 10:59:05.000000'),
(36, '10:45', '0', '2021-02-22 10:59:05.000000'),
(37, '10:50', '0', '2021-02-22 10:59:05.000000'),
(38, '11:05', '0', '2021-02-22 10:59:05.000000'),
(39, '11:10', '0', '2021-02-22 10:59:05.000000'),
(40, '11:20', '0', '2021-02-22 10:59:05.000000'),
(41, '11:25', '0', '2021-02-22 10:59:05.000000'),
(42, '11:50', '0', '2021-02-22 10:59:05.000000'),
(43, '12:00', '0', '2021-02-22 10:59:05.000000'),
(44, '12:10', '0', '2021-02-22 10:59:05.000000'),
(45, '12:20', '0', '2021-02-22 10:59:05.000000'),
(46, '12:25', '0', '2021-02-22 10:59:05.000000'),
(47, '12:30', '0', '2021-02-22 10:59:05.000000'),
(48, '12:35', '0', '2021-02-22 10:59:05.000000'),
(49, '12:40', '0', '2021-02-22 10:59:05.000000'),
(50, '12:55', '0', '2021-02-22 10:59:05.000000'),
(51, '13:20', '0', '2021-02-22 10:59:05.000000'),
(52, '13:25', '0', '2021-02-22 10:59:05.000000'),
(53, '13:40', '0', '2021-02-22 10:59:05.000000'),
(54, '13:45', '0', '2021-02-22 10:59:05.000000'),
(55, '13:55', '0', '2021-02-22 10:59:05.000000'),
(56, '14:15', '0', '2021-02-22 10:59:05.000000'),
(57, '14:35', '0', '2021-02-22 10:59:05.000000'),
(58, '14:40', '0', '2021-02-22 10:59:05.000000'),
(59, '15:00', '0', '2021-02-22 10:59:05.000000'),
(60, '15:10', '0', '2021-02-22 10:59:05.000000'),
(61, '15:15', '0', '2021-02-22 10:59:05.000000'),
(62, '15:20', '0', '2021-02-22 10:59:05.000000'),
(63, '15:35', '0', '2021-02-22 10:59:05.000000'),
(64, '15:40', '0', '2021-02-22 10:59:05.000000'),
(65, '15:45', '0', '2021-02-22 10:59:05.000000'),
(66, '16:00', '0', '2021-02-22 10:59:05.000000'),
(67, '16:10', '0', '2021-02-22 10:59:05.000000'),
(68, '16:15', '0', '2021-02-22 10:59:05.000000'),
(69, '16:20', '0', '2021-02-22 10:59:05.000000'),
(70, '16:25', '0', '2021-02-22 10:59:05.000000'),
(71, '16:30', '0', '2021-02-22 10:59:05.000000'),
(72, '16:40', '0', '2021-02-22 10:59:05.000000'),
(73, '16:55', '0', '2021-02-22 10:59:05.000000'),
(74, '17:15', '0', '2021-02-22 10:59:05.000000'),
(75, '17:20', '0', '2021-02-22 10:59:05.000000'),
(76, '17:30', '0', '2021-02-22 10:59:05.000000'),
(77, '17:35', '0', '2021-02-22 10:59:05.000000'),
(78, '17:45', '0', '2021-02-22 10:59:05.000000'),
(79, '18:00', '0', '2021-02-22 10:59:05.000000'),
(80, '18:10', '0', '2021-02-22 10:59:05.000000'),
(81, '18:15', '0', '2021-02-22 10:59:05.000000'),
(82, '18:20', '0', '2021-02-22 10:59:05.000000'),
(83, '18:30', '0', '2021-02-22 10:59:05.000000'),
(84, '18:45', '0', '2021-02-22 10:59:05.000000'),
(85, '18:50', '0', '2021-02-22 10:59:05.000000'),
(86, '18:55', '0', '2021-02-22 10:59:05.000000'),
(87, '19:00', '0', '2021-02-22 10:59:05.000000'),
(88, '19:05', '0', '2021-02-22 10:59:05.000000'),
(89, '19:10', '0', '2021-02-22 10:59:05.000000'),
(90, '19:15', '0', '2021-02-22 10:59:05.000000'),
(91, '19:20', '0', '2021-02-22 10:59:05.000000'),
(92, '19:25', '0', '2021-02-22 10:59:05.000000'),
(93, '19:35', '0', '2021-02-22 10:59:05.000000'),
(94, '19:40', '0', '2021-02-22 10:59:05.000000'),
(95, '19:55', '0', '2021-02-22 10:59:05.000000'),
(96, '20:05', '0', '2021-02-22 10:59:05.000000'),
(97, '20:10', '0', '2021-02-22 10:59:05.000000'),
(98, '20:15', '0', '2021-02-22 10:59:05.000000'),
(99, '20:20', '0', '2021-02-22 10:59:05.000000'),
(100, '20:30', '0', '2021-02-22 10:59:05.000000'),
(101, '20:35', '0', '2021-02-22 10:59:05.000000'),
(102, '20:40', '0', '2021-02-22 10:59:05.000000'),
(103, '20:50', '0', '2021-02-22 10:59:05.000000'),
(104, '20:55', '0', '2021-02-22 10:59:05.000000'),
(105, '21:00', '0', '2021-02-22 10:59:05.000000'),
(106, '21:10', '0', '2021-02-22 10:59:05.000000'),
(107, '21:15', '0', '2021-02-22 10:59:05.000000'),
(108, '21:30', '0', '2021-02-22 10:59:05.000000'),
(109, '21:35', '0', '2021-02-22 10:59:05.000000'),
(110, '21:45', '0', '2021-02-22 10:59:05.000000'),
(111, '21:55', '0', '2021-02-22 10:59:05.000000'),
(112, '22:00', '0', '2021-02-22 10:59:05.000000'),
(113, '22:05', '0', '2021-02-22 10:59:05.000000'),
(114, '22:10', '0', '2021-02-22 10:59:05.000000'),
(115, '22:15', '0', '2021-02-22 10:59:05.000000'),
(116, '22:20', '0', '2021-02-22 10:59:05.000000'),
(117, '22:40', '0', '2021-02-22 10:59:05.000000'),
(118, '22:45', '0', '2021-02-22 10:59:05.000000'),
(119, '22:50', '0', '2021-02-22 10:59:05.000000'),
(120, '23:05', '0', '2021-02-22 10:59:05.000000'),
(121, '23:15', '0', '2021-02-22 10:59:05.000000'),
(122, '23:25', '0', '2021-02-22 10:59:05.000000'),
(123, '23:30', '0', '2021-02-22 10:59:05.000000'),
(124, '23:35', '0', '2021-02-22 10:59:05.000000'),
(125, '23:50', '0', '2021-02-22 10:59:05.000000'),
(126, '00:35', '0', '2021-02-22 11:00:25.000000'),
(127, '00:55', '0', '2021-02-22 11:00:25.000000'),
(128, '01:40', '0', '2021-02-22 11:00:25.000000'),
(129, '03:20', '0', '2021-02-22 11:00:25.000000'),
(130, '03:40', '0', '2021-02-22 11:00:25.000000'),
(131, '05:05', '0', '2021-02-22 11:00:25.000000'),
(132, '05:10', '0', '2021-02-22 11:00:25.000000'),
(133, '05:35', '0', '2021-02-22 11:00:25.000000'),
(134, '05:40', '0', '2021-02-22 11:00:25.000000'),
(135, '05:45', '0', '2021-02-22 11:00:25.000000'),
(136, '05:50', '0', '2021-02-22 11:00:25.000000'),
(137, '06:00', '0', '2021-02-22 11:00:25.000000'),
(138, '06:05', '0', '2021-02-22 11:00:25.000000'),
(139, '06:10', '0', '2021-02-22 11:00:25.000000'),
(140, '06:15', '0', '2021-02-22 11:00:25.000000'),
(141, '06:30', '0', '2021-02-22 11:00:25.000000'),
(142, '06:35', '0', '2021-02-22 11:00:25.000000'),
(143, '06:40', '0', '2021-02-22 11:00:25.000000'),
(144, '07:00', '0', '2021-02-22 11:00:25.000000'),
(145, '07:10', '0', '2021-02-22 11:00:25.000000'),
(146, '07:20', '0', '2021-02-22 11:00:25.000000'),
(147, '07:35', '0', '2021-02-22 11:00:25.000000'),
(148, '07:45', '0', '2021-02-22 11:00:25.000000'),
(149, '07:50', '0', '2021-02-22 11:00:25.000000'),
(150, '07:55', '0', '2021-02-22 11:00:25.000000'),
(151, '08:20', '0', '2021-02-22 11:00:25.000000'),
(152, '08:50', '0', '2021-02-22 11:00:25.000000'),
(153, '09:00', '0', '2021-02-22 11:00:25.000000'),
(154, '09:10', '0', '2021-02-22 11:00:25.000000'),
(155, '09:20', '0', '2021-02-22 11:00:25.000000'),
(156, '09:30', '0', '2021-02-22 11:00:25.000000'),
(157, '09:40', '0', '2021-02-22 11:00:25.000000'),
(158, '09:45', '0', '2021-02-22 11:00:25.000000'),
(159, '10:55', '0', '2021-02-22 11:00:25.000000'),
(160, '11:00', '0', '2021-02-22 11:00:25.000000'),
(161, '11:15', '0', '2021-02-22 11:00:25.000000'),
(162, '11:30', '0', '2021-02-22 11:00:25.000000'),
(163, '11:35', '0', '2021-02-22 11:00:25.000000'),
(164, '11:45', '0', '2021-02-22 11:00:25.000000'),
(165, '11:55', '0', '2021-02-22 11:00:25.000000'),
(166, '12:05', '0', '2021-02-22 11:00:25.000000'),
(167, '12:15', '0', '2021-02-22 11:00:25.000000'),
(168, '13:00', '0', '2021-02-22 11:00:25.000000'),
(169, '13:05', '0', '2021-02-22 11:00:25.000000'),
(170, '13:10', '0', '2021-02-22 11:00:25.000000'),
(171, '13:15', '0', '2021-02-22 11:00:25.000000'),
(172, '13:30', '0', '2021-02-22 11:00:25.000000'),
(173, '13:35', '0', '2021-02-22 11:00:25.000000'),
(174, '14:05', '0', '2021-02-22 11:00:25.000000'),
(175, '14:20', '0', '2021-02-22 11:00:25.000000'),
(176, '14:25', '0', '2021-02-22 11:00:25.000000'),
(177, '14:45', '0', '2021-02-22 11:00:25.000000'),
(178, '14:50', '0', '2021-02-22 11:00:25.000000'),
(179, '15:25', '0', '2021-02-22 11:00:25.000000'),
(180, '15:50', '0', '2021-02-22 11:00:25.000000'),
(181, '15:55', '0', '2021-02-22 11:00:25.000000'),
(182, '16:50', '0', '2021-02-22 11:00:25.000000'),
(183, '17:05', '0', '2021-02-22 11:00:25.000000'),
(184, '17:10', '0', '2021-02-22 11:00:25.000000'),
(185, '17:55', '0', '2021-02-22 11:00:25.000000'),
(186, '18:25', '0', '2021-02-22 11:00:25.000000'),
(187, '19:30', '0', '2021-02-22 11:00:25.000000'),
(188, '19:45', '0', '2021-02-22 11:00:25.000000'),
(189, '19:50', '0', '2021-02-22 11:00:25.000000'),
(190, '20:25', '0', '2021-02-22 11:00:25.000000'),
(191, '21:20', '0', '2021-02-22 11:00:25.000000'),
(192, '21:25', '0', '2021-02-22 11:00:25.000000'),
(193, '21:40', '0', '2021-02-22 11:00:25.000000'),
(194, 'NULL', '0', '2021-02-22 11:01:13.000000');

-- --------------------------------------------------------

--
-- Table structure for table `user`
--

CREATE TABLE `user` (
  `id` int(11) NOT NULL,
  `first_name` varchar(255) NOT NULL,
  `last_name` varchar(255) NOT NULL,
  `email` varchar(255) NOT NULL,
  `mobile` varchar(255) NOT NULL,
  `password` varchar(255) NOT NULL,
  `created_at` datetime NOT NULL,
  `state` int(11) NOT NULL,
  `role` varchar(255) NOT NULL
) ENGINE=InnoDB DEFAULT CHARSET=utf8;

--
-- Dumping data for table `user`
--

INSERT INTO `user` (`id`, `first_name`, `last_name`, `email`, `mobile`, `password`, `created_at`, `state`, `role`) VALUES
(1, 'Master', 'Admin', 'admin@gmail.com', '0987654321', '$2y$10$kVRpxt3TOFMhczbURy6GQuwWS.//.RCaZn2MxdFXG8N65i8fNXcgS', '2021-01-25 12:47:08', 0, 'admin');

--
-- Indexes for dumped tables
--

--
-- Indexes for table `airline`
--
ALTER TABLE `airline`
  ADD PRIMARY KEY (`airline_id`);

--
-- Indexes for table `airport`
--
ALTER TABLE `airport`
  ADD PRIMARY KEY (`airport_id`);

--
-- Indexes for table `flight`
--
ALTER TABLE `flight`
  ADD PRIMARY KEY (`flight_id`);

--
-- Indexes for table `live_status`
--
ALTER TABLE `live_status`
  ADD PRIMARY KEY (`live_id`),
  ADD KEY `time_id` (`time_id`),
  ADD KEY `place_id` (`flight_id`),
  ADD KEY `status_id` (`status_id`),
  ADD KEY `type` (`type`),
  ADD KEY `live_status_ibfk_5` (`airline_id`),
  ADD KEY `airport_id` (`airport_id`);

--
-- Indexes for table `status`
--
ALTER TABLE `status`
  ADD PRIMARY KEY (`status_id`);

--
-- Indexes for table `time`
--
ALTER TABLE `time`
  ADD PRIMARY KEY (`time_id`);

--
-- Indexes for table `user`
--
ALTER TABLE `user`
  ADD PRIMARY KEY (`id`);

--
-- AUTO_INCREMENT for dumped tables
--

--
-- AUTO_INCREMENT for table `airline`
--
ALTER TABLE `airline`
  MODIFY `airline_id` int(11) NOT NULL AUTO_INCREMENT, AUTO_INCREMENT=304;

--
-- AUTO_INCREMENT for table `airport`
--
ALTER TABLE `airport`
  MODIFY `airport_id` int(11) NOT NULL AUTO_INCREMENT, AUTO_INCREMENT=3;

--
-- AUTO_INCREMENT for table `flight`
--
ALTER TABLE `flight`
  MODIFY `flight_id` int(11) NOT NULL AUTO_INCREMENT, AUTO_INCREMENT=73;

--
-- AUTO_INCREMENT for table `live_status`
--
ALTER TABLE `live_status`
  MODIFY `live_id` int(11) NOT NULL AUTO_INCREMENT, AUTO_INCREMENT=326;

--
-- AUTO_INCREMENT for table `status`
--
ALTER TABLE `status`
  MODIFY `status_id` int(11) NOT NULL AUTO_INCREMENT, AUTO_INCREMENT=16;

--
-- AUTO_INCREMENT for table `time`
--
ALTER TABLE `time`
  MODIFY `time_id` int(11) NOT NULL AUTO_INCREMENT, AUTO_INCREMENT=195;

--
-- AUTO_INCREMENT for table `user`
--
ALTER TABLE `user`
  MODIFY `id` int(11) NOT NULL AUTO_INCREMENT, AUTO_INCREMENT=2;

--
-- Constraints for dumped tables
--

--
-- Constraints for table `live_status`
--
ALTER TABLE `live_status`
  ADD CONSTRAINT `live_status_ibfk_1` FOREIGN KEY (`flight_id`) REFERENCES `flight` (`flight_id`) ON UPDATE CASCADE,
  ADD CONSTRAINT `live_status_ibfk_2` FOREIGN KEY (`time_id`) REFERENCES `time` (`time_id`) ON UPDATE CASCADE,
  ADD CONSTRAINT `live_status_ibfk_4` FOREIGN KEY (`status_id`) REFERENCES `status` (`status_id`) ON UPDATE CASCADE,
  ADD CONSTRAINT `live_status_ibfk_5` FOREIGN KEY (`airline_id`) REFERENCES `airline` (`airline_id`) ON UPDATE CASCADE,
  ADD CONSTRAINT `live_status_ibfk_6` FOREIGN KEY (`airport_id`) REFERENCES `airport` (`airport_id`) ON UPDATE CASCADE;
COMMIT;

/*!40101 SET CHARACTER_SET_CLIENT=@OLD_CHARACTER_SET_CLIENT */;
/*!40101 SET CHARACTER_SET_RESULTS=@OLD_CHARACTER_SET_RESULTS */;
/*!40101 SET COLLATION_CONNECTION=@OLD_COLLATION_CONNECTION */;
